,Name,Position,year,player_age,pa,ab,hit,single,double,triple,home_run,strikeout,walk,k_percent,bb_percent,batting_avg,slg_percent,on_base_percent,on_base_plus_slg,xba,xslg,woba,xwoba,xobp,xiso,wobacon,xwobacon,xbadiff,xslgdiff,wobadiff,avg_swing_speed,exit_velocity_avg,launch_angle_avg,sweet_spot_percent,barrel_batted_rate,solidcontact_percent,hard_hit_percent,avg_best_speed,avg_hyper_speed,z_swing_percent,z_swing_miss_percent,whiff_percent,swing_percent,WAR,ERA+,FIP,ERA
0,zac gallen,SP,2023,27,846,790,188,121,42,3,22,220,47,26.0,5.6,0.238,0.382,0.284,0.666,0.254,0.427,0.289,0.314,0.3,0.174,0.362,0.399,-0.016,-0.045,-0.025,72.0,91.5,12.3,36.4,9.2,9.2,46.2,82.0249942,95.00387354,65.2,14.9,26.4,47.2,4.4,126,3.26,3.47
1,miles mikolas,SP,2023,34,860,802,226,145,50,5,26,137,39,15.9,4.5,0.282,0.454,0.319,0.773,0.291,0.498,0.33,0.354,0.329,0.207,0.372,0.401,-0.009,-0.044,-0.024,71.8,90.4,15.0,38.9,9.8,8.6,43.0,80.24284554,94.59317701,68.0,13.3,16.7,49.7,1.9,92,4.27,4.78
2,chris bassitt,SP,2023,34,826,749,176,108,38,2,28,186,59,22.5,7.1,0.235,0.403,0.299,0.702,0.241,0.405,0.304,0.31,0.306,0.164,0.355,0.364,-0.006,-0.002,-0.006,70.6,87.5,13.2,36.0,8.3,6.0,35.3,75.81987463,93.66280941,65.6,16.6,21.9,47.3,2.7,119,4.28,3.6
3,framber valdez,SP,2023,29,808,728,166,107,37,3,19,200,57,24.8,7.1,0.228,0.365,0.29,0.655,0.252,0.409,0.287,0.319,0.317,0.157,0.342,0.391,-0.024,-0.044,-0.032,72.3,91.5,4.2,30.9,8.0,6.9,45.6,81.84459087,95.10129987,65.1,13.8,26.8,47.2,3.2,123,3.5,3.45
4,jordan montgomery,SP,2023,30,777,718,177,111,45,3,18,166,48,21.4,6.2,0.247,0.393,0.295,0.688,0.253,0.408,0.298,0.308,0.302,0.155,0.35,0.363,-0.006,-0.015,-0.01,72.3,88.3,12.0,36.3,7.5,5.7,37.9,77.15494714,93.9031783,66.4,17.7,26.0,47.6,3.9,136,3.56,3.2
5,lucas giolito,SP,2023,28,794,705,169,87,34,7,41,204,73,25.7,9.2,0.24,0.482,0.317,0.799,0.239,0.445,0.339,0.329,0.317,0.205,0.419,0.403,0.001,0.037,0.01,71.6,89.2,18.5,33.3,11.0,6.9,41.6,77.97955087,94.42069162,67.6,18.8,28.8,46.8,1.6,90,5.27,4.88
6,patrick corbin,SP,2023,33,790,717,210,142,34,1,33,124,57,15.7,7.2,0.293,0.481,0.344,0.825,0.303,0.517,0.353,0.373,0.356,0.214,0.391,0.417,-0.01,-0.036,-0.02,72.2,90.7,11.7,37.9,9.3,7.4,44.0,80.19200081,94.92741557,65.4,11.8,21.4,45.7,0.3,82,5.28,5.2
7,zach eflin,SP,2023,29,703,671,158,104,31,4,19,186,24,26.5,3.4,0.235,0.379,0.264,0.643,0.221,0.378,0.276,0.27,0.252,0.157,0.358,0.35,0.014,0.001,0.006,71.6,87.5,9.1,29.2,9.0,5.5,35.1,75.55741481,93.73501605,64.4,17.0,24.1,49.9,3.6,120,3.01,3.5
8,merrill kelly,SP,2023,34,721,645,143,90,30,3,20,187,68,25.9,9.4,0.222,0.371,0.299,0.67,0.244,0.389,0.294,0.312,0.319,0.145,0.35,0.379,-0.022,-0.018,-0.018,72.3,89.6,11.8,35.1,7.8,7.4,41.8,78.63139686,94.55945668,68.3,18.1,27.0,49.1,4.0,133,3.85,3.29
9,dylan cease,SP,2023,27,784,689,172,112,32,9,19,214,79,27.3,10.1,0.25,0.405,0.332,0.737,0.241,0.381,0.321,0.312,0.326,0.14,0.397,0.383,0.009,0.024,0.009,71.4,90.0,15.4,36.8,6.2,6.9,41.6,79.78860582,94.35501446,68.6,18.7,31.0,46.3,2.2,97,3.72,4.58
10,kodai senga,SP,2023,30,694,606,126,88,21,0,17,202,77,29.1,11.1,0.208,0.327,0.301,0.628,0.224,0.364,0.282,0.303,0.316,0.14,0.338,0.375,-0.016,-0.037,-0.021,71.8,89.0,12.8,31.5,6.8,5.4,40.6,77.90131103,94.28481415,66.8,17.5,29.7,45.2,4.5,140,3.63,2.98
11,freddy peralta,SP,2023,27,680,617,131,75,30,0,26,210,54,30.9,7.9,0.212,0.387,0.282,0.669,0.214,0.36,0.291,0.284,0.283,0.146,0.381,0.369,-0.002,0.027,0.007,71.3,87.6,14.6,32.3,8.6,6.8,37.7,75.95279552,93.70498193,68.8,24.2,33.6,47.8,2.0,112,3.85,3.86
12,charlie morton,SP,2023,39,716,615,150,103,30,3,14,183,83,25.6,11.6,0.244,0.371,0.344,0.715,0.247,0.399,0.318,0.329,0.347,0.151,0.37,0.389,-0.003,-0.028,-0.011,72.0,88.9,9.9,36.8,7.8,5.5,39.1,77.30793493,94.40007395,60.7,18.6,32.2,42.9,3.0,120,3.87,3.64
13,justin verlander,SP,2023,40,669,615,139,89,30,2,18,144,45,21.5,6.7,0.226,0.369,0.283,0.652,0.229,0.392,0.284,0.295,0.287,0.163,0.326,0.343,-0.003,-0.023,-0.011,71.6,90.0,18.9,30.5,8.2,5.9,41.3,79.99040602,94.26951297,68.0,16.5,22.5,49.6,3.5,131,3.85,3.22
14,jon gray,SP,2023,31,656,582,149,110,16,1,22,142,54,21.6,8.2,0.256,0.4,0.325,0.725,0.26,0.415,0.317,0.325,0.33,0.155,0.364,0.377,-0.004,-0.015,-0.008,71.6,89.4,13.4,35.5,6.4,5.3,39.5,78.99116559,94.12679149,69.2,17.2,26.4,50.8,1.7,104,4.47,4.12
15,michael lorenzen,SP,2023,31,624,567,138,91,26,1,20,111,47,17.8,7.5,0.243,0.399,0.302,0.701,0.258,0.441,0.304,0.326,0.316,0.183,0.335,0.366,-0.015,-0.042,-0.022,71.2,90.0,13.8,33.9,8.0,6.3,40.2,80.11625707,94.29566996,68.6,15.1,21.7,49.4,1.8,104,4.46,4.18
16,max scherzer,SP,2023,38,621,570,126,76,22,0,28,174,45,28.0,7.2,0.221,0.407,0.282,0.689,0.207,0.375,0.298,0.281,0.269,0.168,0.378,0.353,0.014,0.032,0.017,71.7,88.5,20.2,32.2,8.5,7.8,36.9,77.75141687,93.79083365,70.9,20.9,28.6,51.0,3.1,112,4.32,3.77
17,alex cobb,SP,2023,35,646,600,163,107,33,4,19,131,37,20.3,5.7,0.272,0.435,0.319,0.754,0.277,0.444,0.325,0.333,0.326,0.167,0.382,0.392,-0.005,-0.009,-0.008,72.0,89.8,1.3,33.1,7.0,7.0,43.4,78.16247498,94.95925757,61.3,12.8,21.7,44.9,2.5,108,4.01,3.87
18,andrew heaney,SP,2023,32,641,569,143,84,34,2,23,151,60,23.6,9.4,0.251,0.439,0.332,0.771,0.24,0.429,0.335,0.327,0.323,0.189,0.394,0.383,0.011,0.01,0.008,71.4,90.1,14.8,31.4,10.2,6.0,38.6,80.11818885,94.26314344,68.3,18.7,26.5,48.2,1.0,103,4.66,4.15
19,jack flaherty,SP,2023,27,650,565,162,106,37,2,17,148,66,22.8,10.2,0.287,0.45,0.37,0.82,0.27,0.42,0.356,0.343,0.358,0.151,0.418,0.398,0.017,0.03,0.013,71.4,87.9,11.7,38.5,7.3,6.6,38.3,76.59566512,93.75944007,65.5,18.8,26.6,44.0,0.8,87,4.36,4.99
20,martín pérez,SP,2023,32,608,547,150,103,24,2,21,93,49,15.3,8.1,0.274,0.441,0.336,0.777,0.271,0.447,0.335,0.337,0.334,0.175,0.362,0.365,0.003,-0.006,-0.002,71.3,89.0,10.9,33.1,7.6,4.8,37.2,78.33907544,93.95053239,65.0,12.1,17.5,45.3,0.6,96,4.99,4.45
21,tyler anderson,SP,2023,33,629,549,146,84,40,2,20,119,64,18.9,10.2,0.266,0.455,0.346,0.801,0.259,0.434,0.345,0.34,0.343,0.175,0.382,0.376,0.007,0.021,0.005,71.9,87.0,19.1,37.6,8.2,6.8,32.3,75.81805433,93.08464977,72.1,21.1,27.8,49.7,0.2,82,4.92,5.43
22,austin gomber,SP,2023,29,603,552,164,100,35,3,26,87,43,14.4,7.1,0.297,0.513,0.351,0.864,0.292,0.499,0.368,0.361,0.346,0.207,0.405,0.397,0.005,0.014,0.007,73.2,90.5,12.8,31.3,8.9,6.8,44.3,79.77744665,94.9510922,67.9,14.3,19.1,47.5,0.8,90,5.43,5.5
23,kyle hendricks,SP,2023,33,578,542,138,92,30,3,13,93,27,16.1,4.7,0.255,0.393,0.293,0.686,0.269,0.413,0.296,0.313,0.307,0.145,0.33,0.351,-0.014,-0.02,-0.017,71.4,85.2,11.2,33.7,6.2,5.1,31.5,72.3316,93.05979777,62.0,13.7,21.1,46.7,1.0,114,3.81,3.74
24,clayton kershaw,SP,2023,35,523,479,100,62,19,0,19,137,40,26.2,7.6,0.209,0.367,0.273,0.64,0.232,0.393,0.28,0.3,0.295,0.161,0.339,0.369,-0.023,-0.026,-0.02,73.0,89.0,11.8,34.7,9.0,5.5,39.1,77.97043795,94.20990047,69.3,18.0,28.1,49.6,3.7,175,4.03,2.46
25,mike clevinger,RP,2023,32,549,496,121,75,27,3,16,110,40,20.0,7.3,0.244,0.407,0.31,0.717,0.239,0.403,0.312,0.312,0.307,0.164,0.351,0.351,0.005,0.004,0.0,70.7,88.1,21.4,34.9,7.2,6.9,35.9,77.25460072,93.56354382,69.4,15.3,23.2,49.1,3.2,117,4.28,3.77
26,michael kopech,SP,2023,27,591,483,115,63,21,2,29,134,91,22.7,15.4,0.238,0.47,0.368,0.838,0.239,0.454,0.363,0.363,0.371,0.214,0.404,0.403,-0.001,0.016,0.0,71.3,90.3,17.8,31.6,12.7,6.8,42.4,79.99523364,94.72003952,63.4,20.0,26.9,42.1,0.6,81,6.46,5.43
27,shane bieber,SP,2023,28,533,490,124,79,29,2,14,107,34,20.1,6.4,0.253,0.406,0.303,0.709,0.284,0.446,0.307,0.336,0.332,0.163,0.354,0.394,-0.031,-0.04,-0.029,70.7,91.6,9.5,34.4,7.8,5.4,47.8,81.65811974,95.36187707,64.4,11.7,24.3,46.1,1.9,112,3.87,3.8
28,griffin canning,SP,2023,27,536,493,121,77,19,3,22,139,36,25.9,6.7,0.245,0.43,0.303,0.733,0.236,0.421,0.315,0.309,0.296,0.185,0.395,0.389,0.009,0.009,0.006,71.0,91.0,12.8,31.5,9.8,5.1,44.2,81.18228177,94.78103805,66.3,17.5,29.1,48.4,2.0,103,4.29,4.32
29,colin rea,RP,2023,32,517,468,110,66,18,3,23,110,38,21.3,7.4,0.235,0.434,0.296,0.73,0.253,0.432,0.313,0.323,0.313,0.179,0.363,0.378,-0.018,0.002,-0.01,71.7,90.4,13.0,34.5,7.7,5.8,43.3,79.91455422,94.82878625,67.8,16.7,24.0,47.9,0.6,95,4.9,4.55
30,luke weaver,RP,2023,29,563,515,155,83,40,3,29,109,40,19.4,7.1,0.301,0.559,0.353,0.912,0.286,0.494,0.385,0.357,0.34,0.209,0.453,0.415,0.015,0.065,0.028,72.1,89.3,15.4,40.2,9.8,7.3,42.0,78.04239848,94.5086799,69.0,17.7,21.6,47.3,-0.6,71,5.61,6.4
31,aaron civale,SP,2023,28,504,463,109,75,21,1,12,116,33,23.0,6.5,0.235,0.363,0.293,0.656,0.243,0.379,0.288,0.297,0.3,0.136,0.339,0.352,-0.008,-0.016,-0.009,71.7,89.0,16.0,33.5,6.6,7.2,36.4,78.32191791,94.02557481,63.4,15.3,22.7,46.9,2.6,123,3.57,3.46
32,wade miley,SP,2023,36,490,443,99,60,22,1,16,79,38,16.1,7.8,0.223,0.386,0.287,0.673,0.253,0.418,0.293,0.32,0.316,0.165,0.31,0.347,-0.03,-0.032,-0.027,72.3,87.3,10.8,30.0,7.6,4.6,31.3,76.41179978,93.14768366,64.7,14.2,19.1,45.1,2.6,137,4.69,3.14
33,adrian houser,SP,2023,30,481,443,121,89,18,1,13,96,34,20.0,7.1,0.273,0.406,0.324,0.73,0.261,0.409,0.318,0.315,0.315,0.148,0.367,0.364,0.012,-0.003,0.003,72.7,90.5,11.2,30.9,7.1,6.0,46.3,80.08131437,94.91392507,64.0,13.2,18.7,45.2,0.9,105,3.99,4.12
34,nick martinez,SP,2023,32,461,413,99,76,11,0,12,106,40,23.0,8.7,0.24,0.354,0.311,0.665,0.245,0.385,0.294,0.307,0.316,0.14,0.34,0.36,-0.005,-0.031,-0.013,70.6,84.7,6.4,30.5,7.1,4.5,29.9,72.64701796,92.40008957,62.9,17.7,28.6,46.9,1.7,123,3.92,3.43
35,steven matz,SP,2023,32,449,410,108,73,23,1,11,98,32,21.8,7.1,0.263,0.405,0.32,0.725,0.252,0.381,0.316,0.304,0.31,0.13,0.371,0.355,0.011,0.024,0.012,70.9,89.1,11.8,31.3,4.7,6.3,38.0,78.62219,93.87503089,66.3,19.0,25.3,47.8,2.0,114,3.75,3.86
36,michael king,SP,2023,28,431,390,88,63,13,2,10,127,32,29.5,7.4,0.226,0.346,0.292,0.638,0.227,0.364,0.281,0.289,0.293,0.137,0.36,0.372,-0.001,-0.018,-0.008,71.0,86.8,12.5,36.7,7.1,4.1,33.3,75.0620778,93.30332439,57.8,16.8,29.4,42.5,3.3,158,3.13,2.75
37,chris sale,SP,2023,34,425,384,87,46,24,2,15,125,29,29.4,6.8,0.227,0.417,0.292,0.709,0.212,0.384,0.306,0.295,0.283,0.173,0.396,0.379,0.015,0.033,0.011,71.2,87.9,15.6,33.5,8.4,9.5,34.6,77.43973923,93.22995853,63.6,21.6,29.7,48.1,1.6,106,3.8,4.3
38,anthony desclafani,RP,2023,33,419,388,105,64,25,1,15,79,20,18.9,4.8,0.271,0.456,0.311,0.767,0.286,0.486,0.328,0.346,0.326,0.2,0.382,0.407,-0.015,-0.03,-0.018,72.3,90.1,11.4,34.6,8.3,7.9,45.1,78.58761477,95.10531839,67.4,11.0,20.3,46.7,0.1,86,4.35,4.88
39,cal quantrill,SP,2023,28,444,398,111,74,22,4,11,58,35,13.1,7.9,0.279,0.437,0.345,0.782,0.29,0.484,0.339,0.365,0.359,0.194,0.352,0.385,-0.011,-0.047,-0.026,71.3,87.9,13.4,37.2,8.4,6.7,39.2,76.12958117,94.0103117,70.8,14.8,18.9,47.0,0.0,81,4.79,5.24
40,carlos carrasco,SP,2023,36,417,371,115,71,24,2,18,66,38,15.8,9.1,0.31,0.531,0.381,0.912,0.306,0.524,0.39,0.388,0.379,0.218,0.429,0.427,0.004,0.007,0.002,72.7,91.5,8.7,37.5,10.7,7.8,48.2,80.85317331,95.65438964,69.4,14.0,24.7,46.9,-1.4,61,5.86,6.8
41,zack littell,RP,2023,27,379,360,94,60,20,1,13,74,12,19.5,3.2,0.261,0.431,0.291,0.722,0.272,0.437,0.308,0.317,0.302,0.165,0.366,0.378,-0.011,-0.006,-0.009,71.8,89.6,12.8,33.9,8.3,5.2,41.9,79.01714126,94.34008228,72.0,13.6,21.0,53.4,1.0,103,4.02,4.1
42,ryan yarbrough,RP,2023,31,376,354,96,69,14,0,13,67,13,17.8,3.5,0.271,0.421,0.311,0.732,0.268,0.438,0.317,0.322,0.308,0.17,0.362,0.369,0.003,-0.017,-0.005,70.6,85.4,16.7,32.6,6.6,4.5,29.2,73.24484239,92.76774338,67.4,17.1,22.8,51.5,0.7,98,4.38,4.52
43,matt strahm,RP,2023,31,351,320,68,39,17,1,11,108,21,30.8,6.0,0.212,0.375,0.263,0.638,0.212,0.36,0.274,0.276,0.267,0.148,0.363,0.365,0.0,0.015,-0.002,70.8,90.2,19.8,35.2,8.2,10.0,42.0,80.26660565,94.45162079,67.6,22.0,28.0,50.4,2.2,131,3.24,3.29
44,bryse wilson,RP,2023,25,314,284,60,33,16,2,9,61,22,19.4,7.0,0.211,0.377,0.271,0.648,0.246,0.406,0.281,0.307,0.303,0.161,0.312,0.349,-0.035,-0.029,-0.026,72.0,88.6,16.9,36.7,7.0,7.4,35.8,78.11009402,93.61705397,70.2,12.4,18.5,48.7,1.5,167,4.13,2.58
45,jose quintana,SP,2023,34,319,289,75,57,11,2,5,60,24,18.8,7.5,0.26,0.363,0.314,0.677,0.275,0.424,0.297,0.327,0.33,0.149,0.331,0.372,-0.015,-0.061,-0.03,72.5,88.1,11.9,36.8,5.1,4.3,32.5,77.6688459,93.35828734,65.5,12.4,21.6,45.5,1.6,117,3.52,3.57
46,tyler rogers,RP,2023,32,309,280,66,44,14,1,7,60,19,19.4,6.1,0.236,0.368,0.289,0.657,0.219,0.306,0.284,0.257,0.275,0.087,0.324,0.287,0.017,0.062,0.027,70.9,84.4,8.7,26.2,2.2,5.3,27.6,71.87197189,92.51610213,70.1,19.5,22.4,51.2,1.6,138,3.76,3.04
47,trevor richards,RP,2023,30,315,276,63,36,13,1,13,105,35,33.3,11.1,0.228,0.424,0.317,0.741,0.201,0.368,0.318,0.291,0.296,0.167,0.437,0.389,0.027,0.056,0.027,70.5,88.5,17.3,38.7,10.4,10.4,37.6,77.59265093,93.89933936,63.4,24.1,37.0,47.6,-0.2,87,4.22,4.95
48,kyle finnegan,RP,2023,31,288,260,66,44,11,0,11,63,24,21.9,8.3,0.254,0.423,0.318,0.741,0.264,0.444,0.32,0.332,0.328,0.18,0.377,0.394,-0.01,-0.021,-0.012,71.7,92.2,9.4,34.0,8.5,7.0,47.5,81.82415268,95.99843335,70.0,17.9,24.8,49.5,0.9,114,4.58,3.76
49,brent suter,RP,2023,33,292,261,65,49,11,2,3,55,25,18.8,8.6,0.249,0.341,0.32,0.661,0.229,0.316,0.294,0.279,0.303,0.087,0.318,0.296,0.02,0.025,0.015,70.8,84.0,11.9,28.7,3.3,3.3,26.3,71.87823475,92.1555801,64.1,14.2,22.2,44.3,0.7,147,3.44,3.38
50,justin topa,RP,2023,32,279,254,61,49,6,2,4,61,18,21.9,6.5,0.24,0.327,0.295,0.622,0.231,0.32,0.269,0.268,0.291,0.089,0.316,0.315,0.009,0.007,0.001,70.5,87.5,2.6,26.9,3.0,4.1,36.5,75.93017432,93.63747979,62.8,14.2,19.5,46.6,1.6,152,3.15,2.61
51,scott barlow,RP,2023,30,299,252,61,46,10,1,4,79,34,26.4,11.4,0.242,0.337,0.337,0.674,0.235,0.34,0.299,0.3,0.334,0.104,0.35,0.352,0.007,-0.003,-0.001,70.2,85.5,11.2,39.2,4.4,7.2,29.8,73.85459944,92.64778898,58.9,18.8,31.2,43.9,-0.1,101,3.42,4.37
52,rafael montero,RP,2023,32,298,265,74,46,14,3,11,79,29,26.5,9.7,0.279,0.479,0.356,0.835,0.246,0.425,0.359,0.329,0.327,0.179,0.453,0.405,0.033,0.054,0.03,71.6,87.9,11.1,33.7,9.1,7.0,41.7,75.21985484,94.49508747,72.3,26.1,30.1,49.1,-0.3,84,4.46,5.08
53,brandon woodruff,SP,2023,30,253,233,40,23,8,0,9,74,15,29.2,5.9,0.172,0.322,0.229,0.551,0.207,0.326,0.241,0.26,0.263,0.119,0.3,0.331,-0.035,-0.004,-0.019,71.0,89.0,18.3,32.9,6.8,5.6,41.6,77.74225152,94.3454388,67.0,22.0,28.3,50.1,2.4,189,3.6,2.28
54,phil maton,RP,2023,30,274,237,49,31,12,0,6,74,25,27.0,9.1,0.207,0.333,0.304,0.637,0.191,0.323,0.284,0.274,0.291,0.132,0.329,0.314,0.016,0.01,0.01,71.3,84.5,11.7,31.9,7.2,4.8,23.5,73.63354415,91.74159908,71.0,24.3,32.9,50.0,1.1,142,3.74,3.0
55,david robertson,RP,2023,38,269,240,53,36,9,1,7,78,25,29.0,9.3,0.221,0.354,0.302,0.656,0.206,0.349,0.289,0.28,0.289,0.143,0.361,0.348,0.015,0.005,0.009,72.0,89.3,15.2,30.1,6.1,8.0,37.4,78.88345713,93.98846363,62.2,22.3,31.2,45.0,1.7,145,3.55,3.03
56,miguel castro,RP,2023,28,268,239,51,32,11,0,8,60,25,22.4,9.3,0.213,0.36,0.296,0.656,0.233,0.379,0.286,0.301,0.313,0.146,0.324,0.347,-0.02,-0.019,-0.015,71.4,86.1,10.5,33.3,6.1,6.1,28.3,74.75168652,92.77636882,61.4,18.4,26.9,45.7,0.4,102,4.31,4.31
57,a.j. minter,RP,2023,29,260,237,56,41,8,1,6,82,21,31.5,8.1,0.236,0.354,0.296,0.65,0.218,0.358,0.283,0.282,0.285,0.14,0.38,0.38,0.018,-0.004,0.001,71.8,87.9,17.7,36.9,7.0,8.9,36.3,76.78532584,93.5544334,70.6,20.7,31.4,50.4,0.8,116,2.9,3.76
58,hoby milner,RP,2023,32,252,235,49,34,9,1,5,59,13,23.4,5.2,0.209,0.319,0.254,0.573,0.217,0.345,0.251,0.267,0.264,0.128,0.297,0.318,-0.008,-0.026,-0.016,70.2,86.6,10.1,33.1,6.2,5.6,35.4,75.54170568,92.87961326,56.4,16.2,20.6,42.5,1.7,238,3.13,1.82
59,nestor cortes,SP,2023,28,266,242,59,33,15,0,11,67,20,25.2,7.5,0.244,0.442,0.308,0.75,0.216,0.39,0.323,0.296,0.285,0.174,0.397,0.356,0.028,0.052,0.027,72.5,89.6,26.6,33.0,7.4,8.5,41.5,79.26095818,94.1314096,70.7,20.3,24.2,49.4,0.4,87,4.49,4.97
60,pierce johnson,RP,2023,32,277,245,63,39,14,0,10,90,30,32.5,10.8,0.257,0.437,0.337,0.774,0.235,0.377,0.335,0.305,0.317,0.143,0.461,0.408,0.022,0.06,0.03,70.0,90.7,13.1,43.9,6.4,5.7,47.1,81.23581923,94.52932455,62.4,17.6,33.1,46.8,0.4,119,3.89,4.02
61,hunter harvey,RP,2023,28,235,217,44,30,7,0,7,67,13,28.5,5.5,0.203,0.332,0.251,0.583,0.224,0.38,0.252,0.283,0.273,0.157,0.322,0.369,-0.021,-0.048,-0.031,71.2,89.6,11.7,32.0,8.5,7.2,41.2,79.11367868,94.36678559,68.8,21.8,26.3,50.9,1.9,152,3.29,2.82
62,paul sewald,RP,2023,33,249,221,46,30,8,0,8,80,24,32.1,9.6,0.208,0.353,0.287,0.64,0.188,0.31,0.281,0.258,0.27,0.122,0.369,0.329,0.02,0.043,0.023,70.6,85.9,20.9,34.0,5.6,4.2,29.9,74.50906343,92.69655914,68.2,25.9,29.3,49.8,1.2,132,3.57,3.12
63,caleb ferguson,RP,2023,26,270,238,64,50,9,1,4,70,23,25.9,8.5,0.269,0.366,0.352,0.718,0.248,0.335,0.321,0.303,0.334,0.086,0.384,0.355,0.021,0.031,0.018,70.8,89.3,9.1,29.6,3.0,4.7,39.1,78.89940831,94.03025067,67.3,17.8,26.1,49.2,0.1,126,3.34,3.43
64,gregory soto,RP,2023,28,250,224,47,31,10,0,6,65,22,26.0,8.8,0.21,0.335,0.284,0.619,0.199,0.306,0.274,0.26,0.274,0.107,0.322,0.299,0.011,0.029,0.014,70.7,87.4,8.4,28.6,5.6,3.7,34.8,75.98296772,93.41221892,63.8,24.8,34.2,48.1,0.0,93,3.59,4.62
65,kirby yates,RP,2023,36,254,210,35,22,4,0,9,80,37,31.5,14.6,0.167,0.314,0.304,0.618,0.205,0.388,0.282,0.326,0.338,0.183,0.324,0.408,-0.038,-0.074,-0.044,70.3,90.6,16.8,34.8,10.6,6.8,40.2,81.56319815,94.2863883,67.7,20.9,30.8,45.5,1.0,133,4.63,3.28
66,ryan brasier,RP,2023,35,239,213,42,30,9,0,3,56,20,23.4,8.4,0.197,0.282,0.272,0.554,0.231,0.346,0.248,0.292,0.308,0.116,0.273,0.339,-0.034,-0.064,-0.044,70.5,89.5,12.8,31.3,3.8,7.5,42.5,79.36549038,94.12021421,70.7,17.6,25.1,51.2,1.3,147,3.14,3.02
67,jordan romano,RP,2023,30,248,220,48,32,9,1,6,72,24,29.0,9.7,0.218,0.35,0.301,0.651,0.214,0.352,0.281,0.28,0.297,0.138,0.358,0.356,0.004,-0.002,0.001,70.7,89.0,16.6,34.0,7.3,8.7,36.7,78.43683027,93.98318372,68.8,22.8,35.9,50.3,2.2,149,3.46,2.9
68,devin williams,RP,2023,28,231,202,26,16,6,0,4,87,28,37.7,12.1,0.129,0.218,0.238,0.456,0.171,0.284,0.214,0.254,0.275,0.114,0.257,0.338,-0.042,-0.066,-0.04,71.7,85.9,8.9,35.7,7.0,7.8,29.6,74.7385579,92.52399097,66.7,31.2,41.8,46.9,2.6,282,2.66,1.53
69,aroldis chapman,RP,2023,35,249,211,37,27,6,0,4,103,36,41.4,14.5,0.175,0.261,0.297,0.558,0.171,0.276,0.258,0.261,0.294,0.105,0.361,0.369,0.004,-0.015,-0.003,70.8,86.5,10.4,34.9,9.2,0.9,33.0,74.31041426,93.32574991,64.9,35.4,42.2,44.9,1.3,143,2.52,3.09
70,drew smith,RP,2023,29,244,208,50,26,13,4,7,60,29,24.6,11.9,0.24,0.442,0.344,0.786,0.224,0.395,0.341,0.322,0.332,0.172,0.396,0.366,0.016,0.047,0.019,71.9,89.5,22.7,38.0,10.7,6.7,39.3,79.45313947,93.8532688,71.3,22.2,26.0,46.5,0.0,101,4.55,4.15
71,raisel iglesias,RP,2023,33,231,214,51,35,9,0,7,68,15,29.4,6.5,0.238,0.379,0.286,0.665,0.224,0.372,0.285,0.276,0.273,0.148,0.379,0.366,0.014,0.007,0.009,71.2,88.8,12.5,35.8,6.8,8.1,37.8,78.01351743,93.90334925,73.2,22.4,32.7,53.4,1.1,159,3.26,2.75
72,derek law,RP,2023,32,240,209,50,37,6,1,6,45,26,18.8,10.8,0.239,0.364,0.332,0.696,0.265,0.394,0.311,0.334,0.356,0.129,0.327,0.361,-0.026,-0.03,-0.023,70.7,87.0,14.2,38.0,4.8,5.4,32.5,76.35456288,92.89302625,68.7,18.9,27.1,47.8,1.0,130,4.62,3.6
73,brooks raley,RP,2023,35,236,203,44,29,11,0,4,61,25,25.8,10.6,0.217,0.33,0.319,0.649,0.211,0.32,0.289,0.284,0.315,0.109,0.331,0.323,0.006,0.01,0.005,71.6,85.8,15.7,31.3,4.9,4.9,29.2,73.90063394,92.88327916,61.6,17.5,29.3,43.4,1.3,150,3.68,2.8
74,wandy peralta,RP,2023,31,227,189,36,26,2,1,7,51,30,22.5,13.2,0.19,0.323,0.319,0.642,0.239,0.375,0.293,0.331,0.36,0.135,0.295,0.358,-0.049,-0.052,-0.038,72.1,86.8,3.6,26.4,7.1,4.3,34.3,74.52217647,93.56216704,70.3,17.2,29.7,46.8,1.4,154,5.05,2.83
75,tim mayza,RP,2023,31,215,199,50,36,12,0,2,53,15,24.7,7.0,0.251,0.342,0.302,0.644,0.252,0.355,0.279,0.284,0.303,0.103,0.345,0.354,-0.001,-0.013,-0.005,71.6,87.3,1.9,28.6,4.1,2.7,39.5,74.28569736,94.27199056,60.7,16.6,22.9,43.8,2.1,284,2.6,1.52
76,shawn armstrong,RP,2023,32,207,191,36,25,8,1,2,54,11,26.1,5.3,0.188,0.272,0.246,0.518,0.207,0.306,0.233,0.253,0.264,0.099,0.272,0.303,-0.019,-0.034,-0.02,71.7,87.5,18.1,33.3,3.6,8.0,33.3,76.96195362,93.05010348,71.2,21.5,26.3,53.8,1.7,305,2.54,1.38
77,taylor rogers,RP,2023,32,216,185,39,25,7,1,6,64,25,29.6,11.6,0.211,0.357,0.312,0.669,0.211,0.358,0.292,0.293,0.312,0.147,0.361,0.363,0.0,-0.001,-0.001,71.9,89.7,15.9,25.8,9.7,3.2,45.2,78.206038,94.86508375,55.6,18.5,26.7,41.7,0.4,109,3.91,3.83
78,danny coulombe,RP,2023,33,210,195,45,35,6,0,4,58,12,27.6,5.7,0.231,0.323,0.282,0.605,0.22,0.347,0.269,0.272,0.272,0.127,0.338,0.344,0.011,-0.024,-0.003,70.0,85.6,13.7,26.8,5.8,5.1,30.4,73.85558574,92.77453074,62.4,20.5,29.8,46.5,1.1,146,2.83,2.81
79,chris martin,RP,2023,37,199,190,45,37,6,0,2,46,8,23.1,4.0,0.237,0.3,0.266,0.566,0.265,0.345,0.243,0.277,0.297,0.08,0.304,0.35,-0.028,-0.045,-0.034,70.6,84.5,4.1,35.9,2.1,3.4,31.0,72.03370181,92.71256643,73.2,21.1,23.3,58.3,3.2,434,2.44,1.05
80,andrew chafin,RP,2023,33,224,195,45,25,11,3,6,63,28,28.1,12.5,0.231,0.41,0.33,0.74,0.231,0.396,0.324,0.321,0.331,0.165,0.398,0.391,0.0,0.014,0.003,72.0,86.8,13.9,38.6,9.8,6.1,32.6,74.91883292,93.36492546,60.3,17.8,31.8,43.0,-0.2,93,4.01,4.73
81,ryne stanek,RP,2023,31,213,190,42,26,8,0,8,51,21,23.9,9.9,0.221,0.389,0.3,0.689,0.222,0.403,0.3,0.31,0.304,0.181,0.349,0.364,-0.001,-0.014,-0.01,71.6,90.1,22.5,32.9,7.1,11.4,44.3,80.46003671,94.16807543,76.9,24.1,30.7,52.4,0.4,104,4.6,4.09
82,alex vesia,RP,2023,27,217,198,52,37,7,1,7,64,17,29.5,7.8,0.263,0.414,0.327,0.741,0.231,0.391,0.318,0.296,0.298,0.16,0.425,0.389,0.032,0.023,0.022,71.2,92.1,23.8,30.6,8.2,9.7,42.5,82.57136227,95.23066371,72.8,23.7,30.3,50.8,-0.1,99,3.66,4.35
83,dustin may,SP,2023,25,187,168,29,18,10,0,1,34,16,18.2,8.6,0.173,0.25,0.251,0.501,0.232,0.338,0.229,0.286,0.305,0.106,0.225,0.303,-0.059,-0.088,-0.057,0.0,89.0,11.3,29.6,5.2,6.7,40.0,78.71302118,93.81145059,65.8,13.8,15.8,47.3,1.4,165,3.23,2.63
84,joey lucchesi,RP,2023,30,195,175,44,27,13,0,4,32,17,16.4,8.7,0.251,0.394,0.325,0.719,0.275,0.473,0.316,0.354,0.346,0.198,0.336,0.387,-0.024,-0.079,-0.038,72.7,88.8,12.3,34.0,10.4,4.9,38.2,76.99281329,94.40476381,64.3,11.7,17.4,43.8,1.1,145,4.22,2.89
85,pete fairbanks,RP,2023,29,184,159,26,21,2,0,3,68,20,37.0,10.9,0.164,0.233,0.273,0.506,0.175,0.257,0.24,0.252,0.283,0.082,0.297,0.322,-0.011,-0.024,-0.012,71.4,85.7,10.4,27.2,3.3,4.3,35.9,71.98379244,93.76037389,61.8,25.0,30.7,46.6,1.5,164,2.7,2.58
86,brad keller,SP,2023,27,211,162,42,31,8,0,3,31,45,14.7,21.3,0.259,0.364,0.427,0.791,0.232,0.381,0.364,0.36,0.406,0.15,0.328,0.322,0.027,-0.017,0.004,71.1,89.2,5.0,30.3,6.8,1.5,36.4,79.63309727,93.49613417,59.3,11.8,22.8,37.5,0.4,98,5.92,4.57
87,kenley jansen,RP,2023,35,188,169,40,26,9,0,5,52,17,27.7,9.0,0.237,0.379,0.314,0.693,0.203,0.341,0.303,0.275,0.284,0.138,0.377,0.333,0.034,0.038,0.028,72.1,89.8,28.6,29.9,6.8,7.7,35.9,80.87029931,93.55674661,70.2,23.6,29.0,52.1,0.7,126,3.66,3.63
