Name,Position,player_id,year,player_age,pa,ab,hit,single,double,triple,home_run,strikeout,walk,k_percent,bb_percent,batting_avg,slg_percent,on_base_percent,on_base_plus_slg,xba,xslg,woba,xwoba,xobp,xiso,wobacon,xwobacon,xbadiff,xslgdiff,wobadiff,avg_swing_speed,exit_velocity_avg,launch_angle_avg,sweet_spot_percent,barrel_batted_rate,solidcontact_percent,hard_hit_percent,avg_best_speed,avg_hyper_speed,z_swing_percent,z_swing_miss_percent,whiff_percent,swing_percent
carlos carrasco,SP,471911,2023,36,417,371,115,71,24,2,18,66,38,15.8,9.1,0.31,0.531,0.381,0.912,0.306,0.524,0.39,0.388,0.379,0.218,0.429,0.427,0.004,0.007,0.002,72.7,91.5,8.7,37.5,10.7,7.8,48.2,80.85317331,95.65438964,69.4,14,24.7,46.9
hector neris,RP,593576,2023,34,273,236,41,27,7,0,7,77,31,28.2,11.4,0.174,0.292,0.277,0.569,0.195,0.33,0.259,0.283,0.296,0.135,0.291,0.331,-0.021,-0.038,-0.024,71.6,86.5,19.4,29.2,8.1,3.1,28,74.98336667,93.0671231,71.5,25.3,30.6,50.6
joey lucchesi,RP,664192,2023,30,195,175,44,27,13,0,4,32,17,16.4,8.7,0.251,0.394,0.325,0.719,0.275,0.473,0.316,0.354,0.346,0.198,0.336,0.387,-0.024,-0.079,-0.038,72.7,88.8,12.3,34,10.4,4.9,38.2,76.99281329,94.40476381,64.3,11.7,17.4,43.8
tyler alexander,RP,641302,2023,28,181,172,44,26,10,0,8,44,5,24.3,2.8,0.256,0.453,0.283,0.736,0.236,0.423,0.313,0.293,0.264,0.187,0.399,0.372,0.02,0.03,0.02,,89.2,18.8,38.8,10.9,8.5,40.3,78.75439203,93.94028764,64.9,14.5,18.3,49.2
erasmo ramirez,RP,541640,2023,33,274,250,82,57,13,1,11,43,13,15.7,4.7,0.328,0.52,0.361,0.881,0.292,0.493,0.372,0.351,0.331,0.201,0.421,0.393,0.036,0.027,0.021,71.9,89.7,10,37.4,8.4,7,43.5,78.90707514,94.53338183,73.7,14.6,20.2,51.5
trevor richards,RP,670950,2023,30,315,276,63,36,13,1,13,105,35,33.3,11.1,0.228,0.424,0.317,0.741,0.201,0.368,0.318,0.291,0.296,0.167,0.437,0.389,0.027,0.056,0.027,70.5,88.5,17.3,38.7,10.4,10.4,37.6,77.59265093,93.89933936,63.4,24.1,37,47.6
sean newcomb,RP,656794,2023,30,61,50,8,5,2,0,1,17,9,27.9,14.8,0.16,0.26,0.311,0.571,0.189,0.337,0.272,0.308,0.335,0.148,0.27,0.335,-0.029,-0.077,-0.036,69.8,89.7,18.5,27.3,6.1,12.1,45.5,79.74663706,94.2611697,63,16.1,21.4,45
shelby miller,RP,571946,2023,32,163,141,19,10,6,0,3,42,19,25.8,11.7,0.135,0.241,0.247,0.488,0.187,0.347,0.222,0.28,0.293,0.16,0.225,0.319,-0.052,-0.106,-0.058,71.2,89.5,14.9,30,7,9,37,79.278076,94.42699576,61.1,18.2,26,43
bryse wilson,RP,669060,2023,25,314,284,60,33,16,2,9,61,22,19.4,7,0.211,0.377,0.271,0.648,0.246,0.406,0.281,0.307,0.303,0.161,0.312,0.349,-0.035,-0.029,-0.026,72,88.6,16.9,36.7,7,7.4,35.8,78.11009402,93.61705397,70.2,12.4,18.5,48.7
tim mayza,RP,641835,2023,31,215,199,50,36,12,0,2,53,15,24.7,7,0.251,0.342,0.302,0.644,0.252,0.355,0.279,0.284,0.303,0.103,0.345,0.354,-0.001,-0.013,-0.005,71.6,87.3,1.9,28.6,4.1,2.7,39.5,74.28569736,94.27199056,60.7,16.6,22.9,43.8
jalen beeks,RP,656222,2023,29,192,167,42,28,10,0,4,47,21,24.5,10.9,0.251,0.383,0.335,0.718,0.215,0.329,0.317,0.294,0.308,0.115,0.37,0.334,0.036,0.054,0.023,71.7,88.3,10.2,32.5,7.3,6.5,35,77.9836,93.43205,65.8,21.3,31,46.4
shawn armstrong,RP,542888,2023,32,207,191,36,25,8,1,2,54,11,26.1,5.3,0.188,0.272,0.246,0.518,0.207,0.306,0.233,0.253,0.264,0.099,0.272,0.303,-0.019,-0.034,-0.02,71.7,87.5,18.1,33.3,3.6,8,33.3,76.96195362,93.05010348,71.2,21.5,26.3,53.8
adrian houser,SP,605288,2023,30,481,443,121,89,18,1,13,96,34,20,7.1,0.273,0.406,0.324,0.73,0.261,0.409,0.318,0.315,0.315,0.148,0.367,0.364,0.012,-0.003,0.003,72.7,90.5,11.2,30.9,7.1,6,46.3,80.08131437,94.91392507,64,13.2,18.7,45.2
drew pomeranz,RP,,,,,,,,,,,,,,,,,,,,,,,,,,,,,,,,,,,,,,,,,,
brad keller,SP,641745,2023,27,211,162,42,31,8,0,3,31,45,14.7,21.3,0.259,0.364,0.427,0.791,0.232,0.381,0.364,0.36,0.406,0.15,0.328,0.322,0.027,-0.017,0.004,71.1,89.2,5,30.3,6.8,1.5,36.4,79.63309727,93.49613417,59.3,11.8,22.8,37.5
mike clevinger,RP,605182,2023,32,549,496,121,75,27,3,16,110,40,20,7.3,0.244,0.407,0.31,0.717,0.239,0.403,0.312,0.312,0.307,0.164,0.351,0.351,0.005,0.004,0,70.7,88.1,21.4,34.9,7.2,6.9,35.9,77.25460072,93.56354382,69.4,15.3,23.2,49.1
miguel castro,RP,612434,2023,28,268,239,51,32,11,0,8,60,25,22.4,9.3,0.213,0.36,0.296,0.656,0.233,0.379,0.286,0.301,0.313,0.146,0.324,0.347,-0.02,-0.019,-0.015,71.4,86.1,10.5,33.3,6.1,6.1,28.3,74.75168652,92.77636882,61.4,18.4,26.9,45.7
anthony desclafani,RP,543101,2023,33,419,388,105,64,25,1,15,79,20,18.9,4.8,0.271,0.456,0.311,0.767,0.286,0.486,0.328,0.346,0.326,0.2,0.382,0.407,-0.015,-0.03,-0.018,72.3,90.1,11.4,34.6,8.3,7.9,45.1,78.58761477,95.10531839,67.4,11,20.3,46.7
ryan yarbrough,RP,642232,2023,31,376,354,96,69,14,0,13,67,13,17.8,3.5,0.271,0.421,0.311,0.732,0.268,0.438,0.317,0.322,0.308,0.17,0.362,0.369,0.003,-0.017,-0.005,70.6,85.4,16.7,32.6,6.6,4.5,29.2,73.24484239,92.76774338,67.4,17.1,22.8,51.5
luke weaver,RP,596133,2023,29,563,515,155,83,40,3,29,109,40,19.4,7.1,0.301,0.559,0.353,0.912,0.286,0.494,0.385,0.357,0.34,0.209,0.453,0.415,0.015,0.065,0.028,72.1,89.3,15.4,40.2,9.8,7.3,42,78.04239848,94.5086799,69,17.7,21.6,47.3
dustin may,SP,669160,2023,25,187,168,29,18,10,0,1,34,16,18.2,8.6,0.173,0.25,0.251,0.501,0.232,0.338,0.229,0.286,0.305,0.106,0.225,0.303,-0.059,-0.088,-0.057,,89,11.3,29.6,5.2,6.7,40,78.71302118,93.81145059,65.8,13.8,15.8,47.3
justin wilson,RP,,,,,,,,,,,,,,,,,,,,,,,,,,,,,,,,,,,,,,,,,,
danny coulombe,RP,543056,2023,33,210,195,45,35,6,0,4,58,12,27.6,5.7,0.231,0.323,0.282,0.605,0.22,0.347,0.269,0.272,0.272,0.127,0.338,0.344,0.011,-0.024,-0.003,70,85.6,13.7,26.8,5.8,5.1,30.4,73.85558574,92.77453074,62.4,20.5,29.8,46.5
hoby milner,RP,571948,2023,32,252,235,49,34,9,1,5,59,13,23.4,5.2,0.209,0.319,0.254,0.573,0.217,0.345,0.251,0.267,0.264,0.128,0.297,0.318,-0.008,-0.026,-0.016,70.2,86.6,10.1,33.1,6.2,5.6,35.4,75.54170568,92.87961326,56.4,16.2,20.6,42.5
kyle hendricks,SP,543294,2023,33,578,542,138,92,30,3,13,93,27,16.1,4.7,0.255,0.393,0.293,0.686,0.269,0.413,0.296,0.313,0.307,0.145,0.33,0.351,-0.014,-0.02,-0.017,71.4,85.2,11.2,33.7,6.2,5.1,31.5,72.3316,93.05979777,62,13.7,21.1,46.7
caleb thielbar,RP,573204,2023,36,120,113,23,10,5,1,7,36,6,30,5,0.204,0.451,0.244,0.695,0.222,0.421,0.293,0.292,0.261,0.199,0.398,0.397,-0.018,0.03,0.001,71.8,88.6,20.4,37.2,11.5,6.4,35.9,77.96140667,93.74346195,70.6,20.6,24.1,50.1
caleb ferguson,RP,657571,2023,26,270,238,64,50,9,1,4,70,23,25.9,8.5,0.269,0.366,0.352,0.718,0.248,0.335,0.321,0.303,0.334,0.086,0.384,0.355,0.021,0.031,0.018,70.8,89.3,9.1,29.6,3,4.7,39.1,78.89940831,94.03025067,67.3,17.8,26.1,49.2
derek law,RP,571882,2023,32,240,209,50,37,6,1,6,45,26,18.8,10.8,0.239,0.364,0.332,0.696,0.265,0.394,0.311,0.334,0.356,0.129,0.327,0.361,-0.026,-0.03,-0.023,70.7,87,14.2,38,4.8,5.4,32.5,76.35456288,92.89302625,68.7,18.9,27.1,47.8
cal quantrill,SP,615698,2023,28,444,398,111,74,22,4,11,58,35,13.1,7.9,0.279,0.437,0.345,0.782,0.29,0.484,0.339,0.365,0.359,0.194,0.352,0.385,-0.011,-0.047,-0.026,71.3,87.9,13.4,37.2,8.4,6.7,39.2,76.12958117,94.0103117,70.8,14.8,18.9,47
seranthony dominguez,RP,622554,2023,28,224,195,48,37,4,0,7,48,22,21.4,9.8,0.246,0.374,0.339,0.713,0.246,0.402,0.318,0.331,0.341,0.157,0.349,0.368,0,-0.028,-0.013,72.3,85.5,14.8,35.8,8.1,3.4,31.1,72.58006069,93.2274424,75.1,23,28,50.6
hunter harvey,RP,640451,2023,28,235,217,44,30,7,0,7,67,13,28.5,5.5,0.203,0.332,0.251,0.583,0.224,0.38,0.252,0.283,0.273,0.157,0.322,0.369,-0.021,-0.048,-0.031,71.2,89.6,11.7,32,8.5,7.2,41.2,79.11367868,94.36678559,68.8,21.8,26.3,50.9
joe ross,RP,,,,,,,,,,,,,,,,,,,,,,,,,,,,,,,,,,,,,,,,,,
chris paddack,SP,663978,2023,27,22,21,6,4,1,0,1,8,1,36.4,4.5,0.286,0.476,0.318,0.794,0.249,0.405,0.34,0.297,0.283,0.157,0.521,0.449,0.037,0.071,0.043,70.7,85.5,10.6,46.2,7.7,7.7,38.5,74.9115,92.56884846,68.9,29,33.3,49.4
griffin canning,SP,656288,2023,27,536,493,121,77,19,3,22,139,36,25.9,6.7,0.245,0.43,0.303,0.733,0.236,0.421,0.315,0.309,0.296,0.185,0.395,0.389,0.009,0.009,0.006,71,91,12.8,31.5,9.8,5.1,44.2,81.18228177,94.78103805,66.3,17.5,29.1,48.4
ryne stanek,RP,592773,2023,31,213,190,42,26,8,0,8,51,21,23.9,9.9,0.221,0.389,0.3,0.689,0.222,0.403,0.3,0.31,0.304,0.181,0.349,0.364,-0.001,-0.014,-0.01,71.6,90.1,22.5,32.9,7.1,11.4,44.3,80.46003671,94.16807543,76.9,24.1,30.7,52.4
ryan brasier,RP,518489,2023,35,239,213,42,30,9,0,3,56,20,23.4,8.4,0.197,0.282,0.272,0.554,0.231,0.346,0.248,0.292,0.308,0.116,0.273,0.339,-0.034,-0.064,-0.044,70.5,89.5,12.8,31.3,3.8,7.5,42.5,79.36549038,94.12021421,70.7,17.6,25.1,51.2
andrew chafin,RP,605177,2023,33,224,195,45,25,11,3,6,63,28,28.1,12.5,0.231,0.41,0.33,0.74,0.231,0.396,0.324,0.321,0.331,0.165,0.398,0.391,0,0.014,0.003,72,86.8,13.9,38.6,9.8,6.1,32.6,74.91883292,93.36492546,60.3,17.8,31.8,43
clayton kershaw,SP,477132,2023,35,523,479,100,62,19,0,19,137,40,26.2,7.6,0.209,0.367,0.273,0.64,0.232,0.393,0.28,0.3,0.295,0.161,0.339,0.369,-0.023,-0.026,-0.02,73,89,11.8,34.7,9,5.5,39.1,77.97043795,94.20990047,69.3,18,28.1,49.6
michael kopech,SP,656629,2023,27,591,483,115,63,21,2,29,134,91,22.7,15.4,0.238,0.47,0.368,0.838,0.239,0.454,0.363,0.363,0.371,0.214,0.404,0.403,-0.001,0.016,0,71.3,90.3,17.8,31.6,12.7,6.8,42.4,79.99523364,94.72003952,63.4,20,26.9,42.1
andrew heaney,SP,571760,2023,32,641,569,143,84,34,2,23,151,60,23.6,9.4,0.251,0.439,0.332,0.771,0.24,0.429,0.335,0.327,0.323,0.189,0.394,0.383,0.011,0.01,0.008,71.4,90.1,14.8,31.4,10.2,6,38.6,80.11818885,94.26314344,68.3,18.7,26.5,48.2
chris martin,RP,455119,2023,37,199,190,45,37,6,0,2,46,8,23.1,4,0.237,0.3,0.266,0.566,0.265,0.345,0.243,0.277,0.297,0.08,0.304,0.35,-0.028,-0.045,-0.034,70.6,84.5,4.1,35.9,2.1,3.4,31,72.03370181,92.71256643,73.2,21.1,23.3,58.3
tyler rogers,RP,643511,2023,32,309,280,66,44,14,1,7,60,19,19.4,6.1,0.236,0.368,0.289,0.657,0.219,0.306,0.284,0.257,0.275,0.087,0.324,0.287,0.017,0.062,0.027,70.9,84.4,8.7,26.2,2.2,5.3,27.6,71.87197189,92.51610213,70.1,19.5,22.4,51.2
gregory soto,RP,642397,2023,28,250,224,47,31,10,0,6,65,22,26,8.8,0.21,0.335,0.284,0.619,0.199,0.306,0.274,0.26,0.274,0.107,0.322,0.299,0.011,0.029,0.014,70.7,87.4,8.4,28.6,5.6,3.7,34.8,75.98296772,93.41221892,63.8,24.8,34.2,48.1
kyle finnegan,RP,640448,2023,31,288,260,66,44,11,0,11,63,24,21.9,8.3,0.254,0.423,0.318,0.741,0.264,0.444,0.32,0.332,0.328,0.18,0.377,0.394,-0.01,-0.021,-0.012,71.7,92.2,9.4,34,8.5,7,47.5,81.82415268,95.99843335,70,17.9,24.8,49.5
zack littell,RP,641793,2023,27,379,360,94,60,20,1,13,74,12,19.5,3.2,0.261,0.431,0.291,0.722,0.272,0.437,0.308,0.317,0.302,0.165,0.366,0.378,-0.011,-0.006,-0.009,71.8,89.6,12.8,33.9,8.3,5.2,41.9,79.01714126,94.34008228,72,13.6,21,53.4
austin gomber,SP,596295,2023,29,603,552,164,100,35,3,26,87,43,14.4,7.1,0.297,0.513,0.351,0.864,0.292,0.499,0.368,0.361,0.346,0.207,0.405,0.397,0.005,0.014,0.007,73.2,90.5,12.8,31.3,8.9,6.8,44.3,79.77744665,94.9510922,67.9,14.3,19.1,47.5
phil maton,RP,664208,2023,30,274,237,49,31,12,0,6,74,25,27,9.1,0.207,0.333,0.304,0.637,0.191,0.323,0.284,0.274,0.291,0.132,0.329,0.314,0.016,0.01,0.01,71.3,84.5,11.7,31.9,7.2,4.8,23.5,73.63354415,91.74159908,71,24.3,32.9,50
jake junis,RP,596001,2023,30,367,335,90,54,23,1,12,96,21,26.2,5.7,0.269,0.451,0.318,0.769,0.241,0.396,0.328,0.298,0.293,0.155,0.419,0.375,0.028,0.055,0.03,71.8,88.5,13.1,32.9,8.2,6.2,35.4,77.20334713,93.95687872,61.8,14.1,27.3,46.7
devin williams,RP,642207,2023,28,231,202,26,16,6,0,4,87,28,37.7,12.1,0.129,0.218,0.238,0.456,0.171,0.284,0.214,0.254,0.275,0.114,0.257,0.338,-0.042,-0.066,-0.04,71.7,85.9,8.9,35.7,7,7.8,29.6,74.7385579,92.52399097,66.7,31.2,41.8,46.9
erick fedde,SP,,,,,,,,,,,,,,,,,,,,,,,,,,,,,,,,,,,,,,,,,,
tommy kahnle,RP,592454,2023,33,165,142,26,15,6,0,5,48,19,29.1,11.5,0.183,0.331,0.28,0.611,0.184,0.294,0.272,0.263,0.282,0.11,0.32,0.303,-0.001,0.037,0.009,71.9,86.8,8.2,29.9,4.1,7.2,22.7,76.31142688,92.70100531,64.2,26.4,35.2,45.3
emilio pagan,RP,641941,2023,32,273,248,45,26,12,2,5,65,21,23.8,7.7,0.181,0.306,0.246,0.552,0.221,0.402,0.241,0.296,0.285,0.181,0.276,0.357,-0.04,-0.096,-0.055,71.4,90.6,19.9,34.4,7.5,9.7,45.2,81.32029457,94.54476223,75.6,20.1,24.4,54.6
ryan helsley,RP,664854,2023,28,146,125,22,14,6,1,1,52,17,35.6,11.6,0.176,0.264,0.274,0.538,0.156,0.239,0.243,0.233,0.262,0.083,0.308,0.289,0.02,0.025,0.01,70.6,88.6,15.5,27.6,3.9,9.2,39.5,77.89145395,93.9362575,68.6,26.8,35,49.9
nestor cortes,SP,641482,2023,28,266,242,59,33,15,0,11,67,20,25.2,7.5,0.244,0.442,0.308,0.75,0.216,0.39,0.323,0.296,0.285,0.174,0.397,0.356,0.028,0.052,0.027,72.5,89.6,26.6,33,7.4,8.5,41.5,79.26095818,94.1314096,70.7,20.3,24.2,49.4
wade miley,SP,489119,2023,36,490,443,99,60,22,1,16,79,38,16.1,7.8,0.223,0.386,0.287,0.673,0.253,0.418,0.293,0.32,0.316,0.165,0.31,0.347,-0.03,-0.032,-0.027,72.3,87.3,10.8,30,7.6,4.6,31.3,76.41179978,93.14768366,64.7,14.2,19.1,45.1
jordan romano,RP,605447,2023,30,248,220,48,32,9,1,6,72,24,29,9.7,0.218,0.35,0.301,0.651,0.214,0.352,0.281,0.28,0.297,0.138,0.358,0.356,0.004,-0.002,0.001,70.7,89,16.6,34,7.3,8.7,36.7,78.43683027,93.98318372,68.8,22.8,35.9,50.3
merrill kelly,SP,518876,2023,34,721,645,143,90,30,3,20,187,68,25.9,9.4,0.222,0.371,0.299,0.67,0.244,0.389,0.294,0.312,0.319,0.145,0.35,0.379,-0.022,-0.018,-0.018,72.3,89.6,11.8,35.1,7.8,7.4,41.8,78.63139686,94.55945668,68.3,18.1,27,49.1
aaron civale,SP,650644,2023,28,504,463,109,75,21,1,12,116,33,23,6.5,0.235,0.363,0.293,0.656,0.243,0.379,0.288,0.297,0.3,0.136,0.339,0.352,-0.008,-0.016,-0.009,71.7,89,16,33.5,6.6,7.2,36.4,78.32191791,94.02557481,63.4,15.3,22.7,46.9
patrick corbin,SP,571578,2023,33,790,717,210,142,34,1,33,124,57,15.7,7.2,0.293,0.481,0.344,0.825,0.303,0.517,0.353,0.373,0.356,0.214,0.391,0.417,-0.01,-0.036,-0.02,72.2,90.7,11.7,37.9,9.3,7.4,44,80.19200081,94.92741557,65.4,11.8,21.4,45.7
kenley jansen,RP,445276,2023,35,188,169,40,26,9,0,5,52,17,27.7,9,0.237,0.379,0.314,0.693,0.203,0.341,0.303,0.275,0.284,0.138,0.377,0.333,0.034,0.038,0.028,72.1,89.8,28.6,29.9,6.8,7.7,35.9,80.87029931,93.55674661,70.2,23.6,29,52.1
jose leclerc,RP,600917,2023,29,233,202,37,25,7,0,5,67,28,28.8,12,0.183,0.292,0.288,0.58,0.186,0.333,0.261,0.276,0.29,0.147,0.3,0.326,-0.003,-0.041,-0.015,71.5,85.9,25.1,29.4,8.1,6.6,32.4,74.11722971,92.83848382,72.2,24.6,35.6,48
german marquez,SP,608566,2023,28,80,74,19,8,6,1,4,17,3,21.3,3.8,0.257,0.527,0.282,0.809,0.274,0.503,0.336,0.336,0.299,0.229,0.416,0.416,-0.017,0.024,0,,93.5,7.9,32.8,13.8,8.6,60.3,83.47538586,96.91491397,68.4,11.3,22.7,49.7
aroldis chapman,RP,547973,2023,35,249,211,37,27,6,0,4,103,36,41.4,14.5,0.175,0.261,0.297,0.558,0.171,0.276,0.258,0.261,0.294,0.105,0.361,0.369,0.004,-0.015,-0.003,70.8,86.5,10.4,34.9,9.2,0.9,33,74.31041426,93.32574991,64.9,35.4,42.2,44.9
tyler mahle,SP,641816,2023,28,102,97,22,13,4,0,5,28,5,27.5,4.9,0.227,0.423,0.265,0.688,0.22,0.389,0.294,0.279,0.259,0.169,0.384,0.363,0.007,0.034,0.015,,87.5,14.6,34.8,8.7,5.8,39.1,76.15444265,93.50901574,62.4,16.1,24,45.6
taylor rogers,RP,573124,2023,32,216,185,39,25,7,1,6,64,25,29.6,11.6,0.211,0.357,0.312,0.669,0.211,0.358,0.292,0.293,0.312,0.147,0.361,0.363,0,-0.001,-0.001,71.9,89.7,15.9,25.8,9.7,3.2,45.2,78.206038,94.86508375,55.6,18.5,26.7,41.7
steven matz,SP,571927,2023,32,449,410,108,73,23,1,11,98,32,21.8,7.1,0.263,0.405,0.32,0.725,0.252,0.381,0.316,0.304,0.31,0.13,0.371,0.355,0.011,0.024,0.012,70.9,89.1,11.8,31.3,4.7,6.3,38,78.62219,93.87503089,66.3,19,25.3,47.8
ranger suarez,SP,624133,2023,27,540,483,129,87,26,3,13,119,48,22,8.9,0.267,0.414,0.333,0.747,0.261,0.403,0.325,0.321,0.33,0.141,0.38,0.374,0.006,0.011,0.004,71.5,87.8,8.1,35.3,7.5,5.7,36.1,76.42190169,93.62207436,62.1,15,23.1,45
rafael montero,RP,606160,2023,32,298,265,74,46,14,3,11,79,29,26.5,9.7,0.279,0.479,0.356,0.835,0.246,0.425,0.359,0.329,0.327,0.179,0.453,0.405,0.033,0.054,0.03,71.6,87.9,11.1,33.7,9.1,7,41.7,75.21985484,94.49508747,72.3,26.1,30.1,49.1
tomoyuki sugano,SP,,,,,,,,,,,,,,,,,,,,,,,,,,,,,,,,,,,,,,,,,,
kirby yates,RP,489446,2023,36,254,210,35,22,4,0,9,80,37,31.5,14.6,0.167,0.314,0.304,0.618,0.205,0.388,0.282,0.326,0.338,0.183,0.324,0.408,-0.038,-0.074,-0.044,70.3,90.6,16.8,34.8,10.6,6.8,40.2,81.56319815,94.2863883,67.7,20.9,30.8,45.5
tyler anderson,SP,542881,2023,33,629,549,146,84,40,2,20,119,64,18.9,10.2,0.266,0.455,0.346,0.801,0.259,0.434,0.345,0.34,0.343,0.175,0.382,0.376,0.007,0.021,0.005,71.9,87,19.1,37.6,8.2,6.8,32.3,75.81805433,93.08464977,72.1,21.1,27.8,49.7
zach eflin,SP,621107,2023,29,703,671,158,104,31,4,19,186,24,26.5,3.4,0.235,0.379,0.264,0.643,0.221,0.378,0.276,0.27,0.252,0.157,0.358,0.35,0.014,0.001,0.006,71.6,87.5,9.1,29.2,9,5.5,35.1,75.55741481,93.73501605,64.4,17,24.1,49.9
dylan cease,SP,656302,2023,27,784,689,172,112,32,9,19,214,79,27.3,10.1,0.25,0.405,0.332,0.737,0.241,0.381,0.321,0.312,0.326,0.14,0.397,0.383,0.009,0.024,0.009,71.4,90,15.4,36.8,6.2,6.9,41.6,79.78860582,94.35501446,68.6,18.7,31,46.3
zac gallen,SP,668678,2023,27,846,790,188,121,42,3,22,220,47,26,5.6,0.238,0.382,0.284,0.666,0.254,0.427,0.289,0.314,0.3,0.174,0.362,0.399,-0.016,-0.045,-0.025,72,91.5,12.3,36.4,9.2,9.2,46.2,82.0249942,95.00387354,65.2,14.9,26.4,47.2
jon gray,SP,592351,2023,31,656,582,149,110,16,1,22,142,54,21.6,8.2,0.256,0.4,0.325,0.725,0.26,0.415,0.317,0.325,0.33,0.155,0.364,0.377,-0.004,-0.015,-0.008,71.6,89.4,13.4,35.5,6.4,5.3,39.5,78.99116559,94.12679149,69.2,17.2,26.4,50.8
raisel iglesias,RP,628452,2023,33,231,214,51,35,9,0,7,68,15,29.4,6.5,0.238,0.379,0.286,0.665,0.224,0.372,0.285,0.276,0.273,0.148,0.379,0.366,0.014,0.007,0.009,71.2,88.8,12.5,35.8,6.8,8.1,37.8,78.01351743,93.90334925,73.2,22.4,32.7,53.4
justin verlander,SP,434378,2023,40,669,615,139,89,30,2,18,144,45,21.5,6.7,0.226,0.369,0.283,0.652,0.229,0.392,0.284,0.295,0.287,0.163,0.326,0.343,-0.003,-0.023,-0.011,71.6,90,18.9,30.5,8.2,5.9,41.3,79.99040602,94.26951297,68,16.5,22.5,49.6
charlie morton,SP,450203,2023,39,716,615,150,103,30,3,14,183,83,25.6,11.6,0.244,0.371,0.344,0.715,0.247,0.399,0.318,0.329,0.347,0.151,0.37,0.389,-0.003,-0.028,-0.011,72,88.9,9.9,36.8,7.8,5.5,39.1,77.30793493,94.40007395,60.7,18.6,32.2,42.9
alex cobb,SP,502171,2023,35,646,600,163,107,33,4,19,131,37,20.3,5.7,0.272,0.435,0.319,0.754,0.277,0.444,0.325,0.333,0.326,0.167,0.382,0.392,-0.005,-0.009,-0.008,72,89.8,1.3,33.1,7,7,43.4,78.16247498,94.95925757,61.3,12.8,21.7,44.9
max scherzer,SP,453286,2023,38,621,570,126,76,22,0,28,174,45,28,7.2,0.221,0.407,0.282,0.689,0.207,0.375,0.298,0.281,0.269,0.168,0.378,0.353,0.014,0.032,0.017,71.7,88.5,20.2,32.2,8.5,7.8,36.9,77.75141687,93.79083365,70.9,20.9,28.6,51
david robertson,RP,502085,2023,38,269,240,53,36,9,1,7,78,25,29,9.3,0.221,0.354,0.302,0.656,0.206,0.349,0.289,0.28,0.289,0.143,0.361,0.348,0.015,0.005,0.009,72,89.3,15.2,30.1,6.1,8,37.4,78.88345713,93.98846363,62.2,22.3,31.2,45
miles mikolas,SP,571945,2023,34,860,802,226,145,50,5,26,137,39,15.9,4.5,0.282,0.454,0.319,0.773,0.291,0.498,0.33,0.354,0.329,0.207,0.372,0.401,-0.009,-0.044,-0.024,71.8,90.4,15,38.9,9.8,8.6,43,80.24284554,94.59317701,68,13.3,16.7,49.7
framber valdez,SP,664285,2023,29,808,728,166,107,37,3,19,200,57,24.8,7.1,0.228,0.365,0.29,0.655,0.252,0.409,0.287,0.319,0.317,0.157,0.342,0.391,-0.024,-0.044,-0.032,72.3,91.5,4.2,30.9,8,6.9,45.6,81.84459087,95.10129987,65.1,13.8,26.8,47.2
chris bassitt,SP,605135,2023,34,826,749,176,108,38,2,28,186,59,22.5,7.1,0.235,0.403,0.299,0.702,0.241,0.405,0.304,0.31,0.306,0.164,0.355,0.364,-0.006,-0.002,-0.006,70.6,87.5,13.2,36,8.3,6,35.3,75.81987463,93.66280941,65.6,16.6,21.9,47.3
nick martinez,SP,607259,2023,32,461,413,99,76,11,0,12,106,40,23,8.7,0.24,0.354,0.311,0.665,0.245,0.385,0.294,0.307,0.316,0.14,0.34,0.36,-0.005,-0.031,-0.013,70.6,84.7,6.4,30.5,7.1,4.5,29.9,72.64701796,92.40008957,62.9,17.7,28.6,46.9
jordan montgomery,SP,656756,2023,30,777,718,177,111,45,3,18,166,48,21.4,6.2,0.247,0.393,0.295,0.688,0.253,0.408,0.298,0.308,0.302,0.155,0.35,0.363,-0.006,-0.015,-0.01,72.3,88.3,12,36.3,7.5,5.7,37.9,77.15494714,93.9031783,66.4,17.7,26,47.6
frankie montas,SP,,,,,,,,,,,,,,,,,,,,,,,,,,,,,,,,,,,,,,,,,,
shane bieber,SP,669456,2023,28,533,490,124,79,29,2,14,107,34,20.1,6.4,0.253,0.406,0.303,0.709,0.284,0.446,0.307,0.336,0.332,0.163,0.354,0.394,-0.031,-0.04,-0.029,70.7,91.6,9.5,34.4,7.8,5.4,47.8,81.65811974,95.36187707,64.4,11.7,24.3,46.1
a.j. minter,RP,621345,2023,29,260,237,56,41,8,1,6,82,21,31.5,8.1,0.236,0.354,0.296,0.65,0.218,0.358,0.283,0.282,0.285,0.14,0.38,0.38,0.018,-0.004,0.001,71.8,87.9,17.7,36.9,7,8.9,36.3,76.78532584,93.5544334,70.6,20.7,31.4,50.4
jack flaherty,SP,656427,2023,27,650,565,162,106,37,2,17,148,66,22.8,10.2,0.287,0.45,0.37,0.82,0.27,0.42,0.356,0.343,0.358,0.151,0.418,0.398,0.017,0.03,0.013,71.4,87.9,11.7,38.5,7.3,6.6,38.3,76.59566512,93.75944007,65.5,18.8,26.6,44
robert suarez,RP,663158,2023,32,108,97,15,9,2,0,4,24,10,22.2,9.3,0.155,0.299,0.231,0.53,0.217,0.366,0.222,0.278,0.291,0.15,0.249,0.329,-0.062,-0.067,-0.056,71.5,88.1,9.5,25.7,6.8,2.7,36.5,78.0878127,93.16596176,70.5,24.2,26.2,49.2
wandy peralta,RP,593974,2023,31,227,189,36,26,2,1,7,51,30,22.5,13.2,0.19,0.323,0.319,0.642,0.239,0.375,0.293,0.331,0.36,0.135,0.295,0.358,-0.049,-0.052,-0.038,72.1,86.8,3.6,26.4,7.1,4.3,34.3,74.52217647,93.56216704,70.3,17.2,29.7,46.8
edwin diaz,RP,,,,,,,,,,,,,,,,,,,,,,,,,,,,,,,,,,,,,,,,,,
walker buehler,SP,,,,,,,,,,,,,,,,,,,,,,,,,,,,,,,,,,,,,,,,,,
brandon woodruff,SP,605540,2023,30,253,233,40,23,8,0,9,74,15,29.2,5.9,0.172,0.322,0.229,0.551,0.207,0.326,0.241,0.26,0.263,0.119,0.3,0.331,-0.035,-0.004,-0.019,71,89,18.3,32.9,6.8,5.6,41.6,77.74225152,94.3454388,67,22,28.3,50.1
jose quintana,SP,500779,2023,34,319,289,75,57,11,2,5,60,24,18.8,7.5,0.26,0.363,0.314,0.677,0.275,0.424,0.297,0.327,0.33,0.149,0.331,0.372,-0.015,-0.061,-0.03,72.5,88.1,11.9,36.8,5.1,4.3,32.5,77.6688459,93.35828734,65.5,12.4,21.6,45.5
michael king,SP,650633,2023,28,431,390,88,63,13,2,10,127,32,29.5,7.4,0.226,0.346,0.292,0.638,0.227,0.364,0.281,0.289,0.293,0.137,0.36,0.372,-0.001,-0.018,-0.008,71,86.8,12.5,36.7,7.1,4.1,33.3,75.0620778,93.30332439,57.8,16.8,29.4,42.5
liam hendriks,RP,521230,2023,34,20,18,4,2,1,0,1,3,1,15,5,0.222,0.444,0.25,0.694,0.262,0.452,0.285,0.307,0.285,0.191,0.313,0.34,-0.04,-0.008,-0.022,,88.8,11.6,18.8,6.3,0,43.8,78.69013,93.67779938,69.4,28,31.7,47.1
michael lorenzen,SP,547179,2023,31,624,567,138,91,26,1,20,111,47,17.8,7.5,0.243,0.399,0.302,0.701,0.258,0.441,0.304,0.326,0.316,0.183,0.335,0.366,-0.015,-0.042,-0.022,71.2,90,13.8,33.9,8,6.3,40.2,80.11625707,94.29566996,68.6,15.1,21.7,49.4
martín pérez,SP,527048,2023,32,608,547,150,103,24,2,21,93,49,15.3,8.1,0.274,0.441,0.336,0.777,0.271,0.447,0.335,0.337,0.334,0.175,0.362,0.365,0.003,-0.006,-0.002,71.3,89,10.9,33.1,7.6,4.8,37.2,78.33907544,93.95053239,65,12.1,17.5,45.3
paul sewald,RP,623149,2023,33,249,221,46,30,8,0,8,80,24,32.1,9.6,0.208,0.353,0.287,0.64,0.188,0.31,0.281,0.258,0.27,0.122,0.369,0.329,0.02,0.043,0.023,70.6,85.9,20.9,34,5.6,4.2,29.9,74.50906343,92.69655914,68.2,25.9,29.3,49.8
shota imanaga,SP,,,,,,,,,,,,,,,,,,,,,,,,,,,,,,,,,,,,,,,,,,
kodai senga,SP,673540,2023,30,694,606,126,88,21,0,17,202,77,29.1,11.1,0.208,0.327,0.301,0.628,0.224,0.364,0.282,0.303,0.316,0.14,0.338,0.375,-0.016,-0.037,-0.021,71.8,89,12.8,31.5,6.8,5.4,40.6,77.90131103,94.28481415,66.8,17.5,29.7,45.2
matt strahm,RP,621381,2023,31,351,320,68,39,17,1,11,108,21,30.8,6,0.212,0.375,0.263,0.638,0.212,0.36,0.274,0.276,0.267,0.148,0.363,0.365,0,0.015,-0.002,70.8,90.2,19.8,35.2,8.2,10,42,80.26660565,94.45162079,67.6,22,28,50.4
lucas giolito,SP,608337,2023,28,794,705,169,87,34,7,41,204,73,25.7,9.2,0.24,0.482,0.317,0.799,0.239,0.445,0.339,0.329,0.317,0.205,0.419,0.403,0.001,0.037,0.01,71.6,89.2,18.5,33.3,11,6.9,41.6,77.97955087,94.42069162,67.6,18.8,28.8,46.8
jose alvarado,RP,621237,2023,28,172,153,30,19,8,0,3,64,18,37.2,10.5,0.196,0.307,0.281,0.588,0.201,0.284,0.262,0.257,0.285,0.083,0.368,0.358,-0.005,0.023,0.005,72.7,91.1,8.5,31.1,4.4,6.7,45.6,80.80791911,95.26677629,66.8,24.8,33.5,49.5
andrew kittredge,RP,552640,2023,33,50,47,12,8,3,0,1,10,2,20,4,0.255,0.383,0.3,0.683,0.267,0.388,0.298,0.305,0.311,0.121,0.346,0.355,-0.012,-0.005,-0.007,71.1,86.8,10.7,43.2,2.7,2.7,35.1,77.17674368,92.38204946,70.6,12.5,18.7,57.5
freddy peralta,SP,642547,2023,27,680,617,131,75,30,0,26,210,54,30.9,7.9,0.212,0.387,0.282,0.669,0.214,0.36,0.291,0.284,0.283,0.146,0.381,0.369,-0.002,0.027,0.007,71.3,87.6,14.6,32.3,8.6,6.8,37.7,75.95279552,93.70498193,68.8,24.2,33.6,47.8
pete fairbanks,RP,664126,2023,29,184,159,26,21,2,0,3,68,20,37,10.9,0.164,0.233,0.273,0.506,0.175,0.257,0.24,0.252,0.283,0.082,0.297,0.322,-0.011,-0.024,-0.012,71.4,85.7,10.4,27.2,3.3,4.3,35.9,71.98379244,93.76037389,61.8,25,30.7,46.6
pierce johnson,RP,572955,2023,32,277,245,63,39,14,0,10,90,30,32.5,10.8,0.257,0.437,0.337,0.774,0.235,0.377,0.335,0.305,0.317,0.143,0.461,0.408,0.022,0.06,0.03,70,90.7,13.1,43.9,6.4,5.7,47.1,81.23581923,94.52932455,62.4,17.6,33.1,46.8
scott barlow,RP,605130,2023,30,299,252,61,46,10,1,4,79,34,26.4,11.4,0.242,0.337,0.337,0.674,0.235,0.34,0.299,0.3,0.334,0.104,0.35,0.352,0.007,-0.003,-0.001,70.2,85.5,11.2,39.2,4.4,7.2,29.8,73.85459944,92.64778898,58.9,18.8,31.2,43.9
john means,SP,607644,2023,30,88,82,13,5,4,0,4,10,4,11.4,4.5,0.159,0.354,0.205,0.559,0.258,0.475,0.238,0.328,0.297,0.218,0.238,0.347,-0.099,-0.121,-0.09,71.3,86.9,24.1,35.6,8.2,6.8,37,75.79152676,93.15272,69.8,16,16.4,52.2
andres munoz,RP,662253,2023,24,211,184,40,28,10,0,2,67,22,31.8,10.4,0.217,0.304,0.318,0.622,0.204,0.286,0.279,0.267,0.306,0.082,0.352,0.331,0.013,0.018,0.012,71.5,88.4,1.8,29.9,5.1,7.7,35.9,76.95025627,94.02528786,64.5,29.3,39.4,48
colin rea,RP,607067,2023,32,517,468,110,66,18,3,23,110,38,21.3,7.4,0.235,0.434,0.296,0.73,0.253,0.432,0.313,0.323,0.313,0.179,0.363,0.378,-0.018,0.002,-0.01,71.7,90.4,13,34.5,7.7,5.8,43.3,79.91455422,94.82878625,67.8,16.7,24,47.9
kyle hart,RP,,,,,,,,,,,,,,,,,,,,,,,,,,,,,,,,,,,,,,,,,,
tyler kinley,RP,641755,2023,32,76,66,21,14,4,0,3,17,6,22.4,7.9,0.318,0.515,0.373,0.888,0.253,0.421,0.377,0.331,0.326,0.168,0.458,0.39,0.065,0.094,0.046,71.4,88.8,25,42.3,7.7,9.6,32.7,80.18084962,93.10866059,73.5,16.2,23,49.7
jonathan loaisiga,RP,642528,2023,28,69,64,14,11,1,0,2,6,1,8.7,1.4,0.219,0.328,0.246,0.574,0.23,0.325,0.241,0.253,0.261,0.096,0.249,0.263,-0.011,0.003,-0.012,71.2,85.2,9,23.3,1.7,6.7,30,73.36370967,92.5822595,69.7,11.8,15.5,54.7
brooks raley,RP,548384,2023,35,236,203,44,29,11,0,4,61,25,25.8,10.6,0.217,0.33,0.319,0.649,0.211,0.32,0.289,0.284,0.315,0.109,0.331,0.323,0.006,0.01,0.005,71.6,85.8,15.7,31.3,4.9,4.9,29.2,73.90063394,92.88327916,61.6,17.5,29.3,43.4
jose urquidy,SP,664353,2023,28,275,247,65,41,12,1,11,45,25,16.4,9.1,0.263,0.453,0.335,0.788,0.259,0.425,0.34,0.332,0.332,0.166,0.368,0.357,0.004,0.028,0.008,71.9,86.6,17.4,37.9,8.9,4.9,34,75.04540667,93.08130783,72,20.1,25,51.4
jose quijada,RP,650671,2023,27,41,36,8,7,1,0,0,8,3,19.5,7.3,0.222,0.25,0.317,0.567,0.287,0.442,0.267,0.358,0.374,0.155,0.265,0.398,-0.065,-0.192,-0.091,,90.3,15,39.3,7.1,10.7,50,77.45216357,95.88954929,68.2,19,22.9,51.6
alex vesia,RP,681911,2023,27,217,198,52,37,7,1,7,64,17,29.5,7.8,0.263,0.414,0.327,0.741,0.231,0.391,0.318,0.296,0.298,0.16,0.425,0.389,0.032,0.023,0.022,71.2,92.1,23.8,30.6,8.2,9.7,42.5,82.57136227,95.23066371,72.8,23.7,30.3,50.8
brent suter,RP,608718,2023,33,292,261,65,49,11,2,3,55,25,18.8,8.6,0.249,0.341,0.32,0.661,0.229,0.316,0.294,0.279,0.303,0.087,0.318,0.296,0.02,0.025,0.015,70.8,84,11.9,28.7,3.3,3.3,26.3,71.87823475,92.1555801,64.1,14.2,22.2,44.3
tim hill,RP,657612,2023,33,202,178,59,42,9,1,7,26,14,12.9,6.9,0.331,0.511,0.395,0.906,0.277,0.431,0.39,0.342,0.35,0.154,0.415,0.353,0.054,0.08,0.048,70.3,89.9,1.9,21.8,5.1,5.1,44.2,78.49344908,95.20422338,67.5,11.2,15,50.1
drew smith,RP,622098,2023,29,244,208,50,26,13,4,7,60,29,24.6,11.9,0.24,0.442,0.344,0.786,0.224,0.395,0.341,0.322,0.332,0.172,0.396,0.366,0.016,0.047,0.019,71.9,89.5,22.7,38,10.7,6.7,39.3,79.45313947,93.8532688,71.3,22.2,26,46.5
justin topa,RP,623437,2023,32,279,254,61,49,6,2,4,61,18,21.9,6.5,0.24,0.327,0.295,0.622,0.231,0.32,0.269,0.268,0.291,0.089,0.316,0.315,0.009,0.007,0.001,70.5,87.5,2.6,26.9,3,4.1,36.5,75.93017432,93.63747979,62.8,14.2,19.5,46.6
chris sale,SP,519242,2023,34,425,384,87,46,24,2,15,125,29,29.4,6.8,0.227,0.417,0.292,0.709,0.212,0.384,0.306,0.295,0.283,0.173,0.396,0.379,0.015,0.033,0.011,71.2,87.9,15.6,33.5,8.4,9.5,34.6,77.43973923,93.22995853,63.6,21.6,29.7,48.1
elvin rodriguez,RP,660730,2023,25,10,10,0,0,0,0,0,5,0,50,0,0,0,0,0,0.117,0.178,0,0.125,0.117,0.06,0,0.249,-0.117,-0.178,-0.125,,84.6,24.5,40,20,0,20,73.84918333,93.106618,72,38.9,40.9,46.8
